Age,Education_Level,Marital_Status,Credit_Score,Annual_Income,Savings_Amount,Income_Category,Health_Status
58,Graduate,Divorced,770.5525451,48843.46431,-1306.455134,Low,Poor
44,High School,Divorced,679.7294996,52525.89927,5489.047798,Low,Poor
28,College,Married,681.955429,56526.46407,8095.01797,Low,Good
50,Graduate,Married,526.4285054,38623.12543,12731.36805,Low,Poor
48,Graduate,Married,720.4514027,62126.08237,6248.194857,High,Good
52,High School,Married,633.7245044,67348.31891,3768.67993,Low,Poor
40,College,Married,672.4639402,61650.32105,562.340485,Low,Poor
40,College,Married,648.6890181,37544.06088,7017.912407,Low,Poor
53,Graduate,Divorced,681.688423,30299.99545,19754.25901,Low,Poor
69,High School,Married,722.1940115,57087.18674,11355.53517,Low,Good
53,College,Divorced,700.5570782,42398.10551,14697.89706,Low,Poor
23,Graduate,Single,735.4820645,52871.33354,5499.728837,Low,Poor
51,College,Married,763.2814768,65351.4872,2132.751199,Low,Good
22,Graduate,Single,681.5602032,43430.44824,3894.61268,Low,Poor
53,College,Married,676.0716379,46224.45344,9514.344454,Low,Poor
59,High School,Divorced,747.8863827,52767.22973,29.3557826,Low,Poor
22,College,Widow,751.8523644,37024.9036,4967.047918,Low,Poor
50,Graduate,Single,737.0295434,42421.43804,7068.19657,Low,Poor
66,Uneducated,Married,652.3910597,50248.57504,3395.37347,Low,Average
41,Uneducated,Divorced,721.1327533,46995.45131,-618.4150866,Low,Poor
51,Graduate,Married,705.4735302,56084.07754,11448.26849,High,Good
54,Graduate,Married,752.6264471,77659.79614,10229.35722,High,Good
56,College,Divorced,671.3563955,50991.38339,13895.14934,Low,Poor
57,College,Married,616.6694854,41582.88054,4447.871254,Low,Poor
45,Uneducated,Single,734.51184,64182.40355,13799.61372,Low,Poor
44,High School,Married,572.0815808,34111.81525,17646.52097,Low,Poor
23,High School,Divorced,663.4243298,36110.91829,11311.07366,Low,Poor
70,College,Married,648.8402244,44048.96561,6950.318528,Low,Average
27,High School,Single,648.5032665,47171.13279,10725.40325,Low,Poor
50,College,Divorced,662.5484265,43809.27263,6711.063054,Low,Poor
29,Graduate,Single,760.8686785,49684.87676,5878.582212,Low,Poor
47,Graduate,Divorced,741.027771,52747.41903,13416.30195,Low,Poor
24,Uneducated,Married,687.4134659,60689.59535,9304.748401,Low,Good
54,Uneducated,Widow,756.6811736,50911.88274,16025.47827,Low,Poor
43,Graduate,Married,646.8851422,44380.53752,7787.885054,Low,Poor
29,College,Married,640.0858307,60146.45386,8294.127097,Low,Poor
55,Graduate,Single,743.179833,41822.84524,7167.445024,Low,Poor
22,Graduate,Married,728.9821615,33673.97254,4399.082807,Low,Good
49,College,Divorced,676.9868299,62059.56018,14072.12449,Low,Poor
57,Graduate,Widow,643.2269553,61418.53245,20928.55832,Low,Poor
27,Graduate,Married,772.9865938,42077.01608,8088.863807,Low,Good
28,Graduate,Married,613.9948725,46009.01146,6597.520282,Low,Poor
68,Graduate,Divorced,670.0787032,40830.72455,6273.382581,Low,Average
43,College,Divorced,711.4288264,53266.24218,6601.333862,Low,Poor
46,Uneducated,Married,790.1082404,67320.49291,18248.91843,Low,Good
69,Graduate,Married,719.1550106,57028.81799,6407.597401,High,Good
24,College,Married,724.0152327,60357.24643,7073.665996,Low,Good
22,Uneducated,Married,671.530815,58197.28332,3798.228739,Low,Poor
26,Graduate,Single,728.4240113,49998.80851,11468.24387,Low,Poor
24,Uneducated,Married,705.265466,60833.40438,9663.852189,Low,Good
58,Graduate,Married,620.576773,57450.30563,4314.106121,Low,Poor
47,Graduate,Divorced,739.6467427,64394.45715,5535.852013,Low,Poor
55,High School,Single,748.5196695,45404.51059,17664.66685,Low,Poor
67,College,Married,740.1682524,32618.8836,10163.53878,Low,Good
30,Graduate,Married,701.6663963,60452.51015,10508.42698,Low,Good
69,Graduate,Married,652.1911558,53497.69521,10528.26913,Low,Average
43,College,Single,584.5408134,47039.539,16973.12694,Low,Poor
60,College,Married,707.8526803,47598.47188,4773.928188,Low,Good
44,Uneducated,Married,754.097103,75546.86326,8018.022399,Low,Good
28,Uneducated,Married,749.7766235,43578.05347,9155.173967,Low,Good
43,Graduate,Married,740.8036422,41466.96693,1394.120874,High,Good
52,College,Married,696.2894511,50852.84233,5419.292417,Low,Good
50,College,Divorced,754.3732087,61804.90878,15233.37414,Low,Poor
45,High School,Married,746.2080912,72784.01987,13801.06748,Low,Good
47,Uneducated,Divorced,678.868322,56573.64963,14685.33438,Low,Poor
53,College,Married,733.8299008,37295.91256,7054.548887,Low,Good
55,Graduate,Single,673.2020427,69708.64271,7671.523799,Low,Poor
54,College,Single,727.0012116,49805.31301,1059.672525,Low,Poor
58,Graduate,Married,635.0441678,41622.90568,14659.67271,Low,Poor
44,Graduate,Divorced,638.8894096,39206.07543,15483.26134,Low,Poor
21,Uneducated,Divorced,752.9103523,58363.28719,15419.60483,Low,Poor
54,College,Divorced,746.8780061,52388.29386,18020.45627,Low,Poor
27,High School,Married,731.680577,53450.75377,12110.54297,Low,Good
29,College,Married,704.3984411,62865.03119,17784.40918,Low,Good
53,Uneducated,Single,580.4362784,41978.45408,8997.626954,Low,Poor
21,Uneducated,Married,696.2562031,63661.54628,1164.948175,Low,Good
28,Graduate,Married,722.7091584,44808.42677,14303.62339,Low,Good
53,Graduate,Single,673.2633376,71640.07374,980.55437,Low,Poor
40,Graduate,Married,664.3752904,55987.39016,10851.01025,Low,Poor
46,College,Married,772.2210194,40797.6147,14776.61901,Low,Good
28,Uneducated,Divorced,696.9855504,29745.81917,11621.29398,Low,Poor
68,Graduate,Widow,722.7397585,58089.24722,21391.21535,Low,Average
68,Graduate,Widow,738.7065731,46258.19724,170.3550293,Low,Average
66,Graduate,Married,649.9281462,48444.34305,9585.696637,Low,Average
25,High School,Married,709.6603711,57661.96009,10087.27733,Low,Good
57,College,Married,765.9822247,60104.13826,3279.485919,Low,Good
27,Graduate,Divorced,790.9611592,62237.10341,4231.336046,Low,Poor
29,High School,Single,701.9968199,38251.58692,5774.356946,Low,Poor
28,Graduate,Married,688.1028226,64258.9475,4501.76353,Low,Good
41,College,Divorced,713.4512034,44209.54664,9460.026749,Low,Poor
67,Graduate,Married,712.1818524,27437.50065,6985.175499,High,Good
66,College,Married,769.3379033,38215.59653,11589.54192,Low,Good
52,Graduate,Married,650.1804155,52180.25092,13247.15233,Low,Poor
53,Graduate,Single,686.0063457,40211.85754,12908.8948,Low,Poor
70,College,Married,644.1429337,49119.55531,7949.368774,Low,Average
68,Graduate,Married,649.3952557,53382.52488,11422.37815,Low,Average
51,Graduate,Single,718.8287008,48186.14597,15175.64458,Low,Poor
56,Graduate,Single,740.4928921,45056.45662,12227.82291,Low,Poor
68,Uneducated,Divorced,667.5304153,37493.03937,19294.88847,Low,Average
21,Graduate,Married,738.6047394,50219.43808,14910.89493,Low,Good
68,College,Married,755.5789329,29350.42612,18592.03536,Low,Good
70,High School,Married,796.7352999,43140.01958,-2461.71564,Low,Good
43,College,Widow,703.4873424,40722.15891,10483.38061,Low,Poor
23,Graduate,Married,668.0117736,47606.23148,8380.337495,Low,Poor
21,High School,Married,649.8764034,47866.70201,9375.101348,Low,Poor
25,Graduate,Divorced,644.9103401,59599.56674,5975.202899,Low,Poor
55,Graduate,Divorced,762.4890351,65834.77277,11980.997,Low,Poor
43,Graduate,Single,624.2452329,38822.2116,958.2178379,Low,Poor
56,Graduate,Divorced,760.8874243,69928.32625,12017.18431,Low,Poor
29,College,Married,656.5779485,42207.044,6141.443899,Low,Poor
44,High School,Married,665.7396901,51725.26783,7498.069549,Low,Poor
44,Graduate,Single,692.4222272,55108.62989,12192.50885,Low,Poor
55,Graduate,Single,664.8172725,74445.82753,10393.88864,Low,Poor
42,Graduate,Divorced,746.5989877,44577.17662,15269.60456,Low,Poor
65,Graduate,Married,790.6671976,32032.61987,5152.482471,High,Good
65,College,Married,667.1283921,64903.7947,9596.471739,Low,Average
24,Uneducated,Divorced,678.388108,41666.26441,14443.86559,Low,Poor
59,Graduate,Divorced,691.8339596,46384.11419,11805.99872,Low,Poor
70,Graduate,Single,727.0528382,38822.50346,12127.97127,Low,Average
52,College,Married,692.3257861,46412.96227,15540.21429,Low,Good
44,Graduate,Single,769.3628706,41596.08464,7968.787756,Low,Poor
58,Graduate,Divorced,757.3311958,56764.41816,6915.845614,Low,Poor
69,High School,Married,640.7268823,50807.9163,12879.52218,Low,Average
42,Uneducated,Widow,726.0484083,43189.44839,9252.84257,Low,Poor
65,College,Single,776.0169619,59958.71977,15611.01784,Low,Average
27,Uneducated,Single,675.2609527,52549.96751,11848.86719,Low,Poor
51,Graduate,Married,685.2867564,31539.5175,6883.246599,High,Good
57,College,Married,673.5981501,59197.03314,11691.92013,Low,Poor
22,Graduate,Married,674.6462192,51848.67884,5486.501679,Low,Poor
26,Uneducated,Widow,616.5774224,63907.32488,14734.64234,Low,Poor
57,Graduate,Married,633.5842524,51239.17426,3014.238467,Low,Poor
57,Uneducated,Married,703.8736859,42082.90649,16110.32637,Low,Good
49,Graduate,Divorced,775.6798987,47957.04667,11604.38256,Low,Poor
59,Graduate,Married,669.3319594,58039.19331,9177.195152,Low,Poor
40,Uneducated,Divorced,667.8621349,42292.6294,13816.67075,Low,Poor
57,College,Single,785.0760535,45597.03213,12556.63322,Low,Poor
54,Graduate,Married,644.5871269,47783.1142,16651.90843,Low,Poor
66,College,Single,616.9378419,38506.2839,16605.30869,Low,Average
21,Uneducated,Single,658.5742282,42436.76575,11761.45222,Low,Poor
56,Uneducated,Widow,666.8607761,51725.50192,5641.14656,Low,Poor
42,High School,Single,612.6273458,62024.77748,7292.454998,Low,Poor
23,Graduate,Married,693.5979147,53171.46985,9641.765571,Low,Good
26,Uneducated,Married,747.4223175,49541.38741,15408.60847,Low,Good
28,College,Married,635.7022613,41687.29226,7718.067693,Low,Poor
56,Graduate,Divorced,704.3789109,60951.60412,8135.297398,Low,Poor
29,Uneducated,Single,719.7967838,54335.055,19241.75315,Low,Poor
70,High School,Married,695.8307862,42932.70236,9478.507443,Low,Good
66,Graduate,Widow,709.2846295,58986.48459,6826.340549,Low,Average
53,College,Married,709.8663631,55595.77062,13883.23014,Low,Good
44,Uneducated,Widow,659.3636022,41864.69651,9719.328585,Low,Poor
65,Uneducated,Single,774.9291286,48986.21744,3052.004183,Low,Average
65,Uneducated,Married,762.3878417,45072.27272,15204.57041,Low,Good
53,Graduate,Married,759.4955699,76335.3794,6264.803397,High,Good
41,Uneducated,Divorced,750.683787,55317.44883,10217.92799,Low,Poor
22,Uneducated,Widow,621.2510265,51867.62055,9659.304431,Low,Poor
23,Graduate,Married,746.3031189,54726.63056,11150.50587,Low,Good
70,Uneducated,Married,732.7800714,63791.62588,-955.3703628,Low,Good
46,High School,Single,623.1738193,49166.19856,8324.502606,Low,Poor
22,Graduate,Married,689.2544822,44100.90702,15624.1853,Low,Good
22,College,Married,713.8396725,58442.83228,16327.2276,Low,Good
57,College,Widow,783.2158549,48250.55434,5043.548092,Low,Poor
52,High School,Married,736.2361929,39301.04671,14602.99121,Low,Good
70,Graduate,Married,656.7717136,37353.13568,6192.851228,Low,Average
65,Graduate,Single,784.7694229,65292.96551,8127.338703,Low,Average
66,Graduate,Single,702.1889881,51316.44567,8390.078168,Low,Average
21,High School,Married,687.2079432,44104.32616,10544.01855,Low,Good
48,Graduate,Married,683.6440902,47656.65089,15006.83228,High,Good
22,Graduate,Divorced,618.8222381,58074.44718,11322.92268,Low,Poor
55,Graduate,Married,694.5115248,47065.94484,9369.341198,High,Good
65,Graduate,Married,724.8742629,35505.80271,14836.55617,High,Good
26,Graduate,Single,680.7308336,53258.40852,5986.693049,Low,Poor
65,Uneducated,Divorced,721.0226239,62083.47818,9613.912783,Low,Average
24,Graduate,Divorced,656.7804465,61414.64318,14978.90614,Low,Poor
40,College,Single,692.9536043,44406.70062,12646.53106,Low,Poor
46,High School,Divorced,715.8270163,62691.72656,7668.480113,Low,Poor
53,Uneducated,Married,709.4830439,52129.49974,2435.216167,Low,Good
25,High School,Single,619.7267455,62411.47344,11554.29095,Low,Poor
67,Uneducated,Married,678.0497025,55736.8703,2106.62399,Low,Average
26,Graduate,Married,783.8731465,34784.03157,8937.493177,Low,Good
51,Uneducated,Single,675.3776963,67467.38938,15894.742,Low,Poor
40,Graduate,Widow,700.7903772,50517.83851,12983.79323,Low,Poor
45,Uneducated,Divorced,695.6622125,55767.93824,-118.2698901,Low,Poor
66,Graduate,Married,778.4119879,36559.55372,11002.25752,High,Good
29,Graduate,Married,764.5184061,55053.265,8404.150427,Low,Good
26,Graduate,Married,740.37655,61029.27733,3631.412996,Low,Good
45,Graduate,Married,651.3378843,69353.20337,11675.10648,Low,Poor
58,Graduate,Married,717.9591525,64003.99795,7541.310756,High,Good
23,Uneducated,Single,728.3970872,55542.24704,7572.329807,Low,Poor
49,Uneducated,Married,665.0697582,34556.22647,10620.22559,Low,Poor
69,Graduate,Divorced,656.4741447,51322.7279,6870.577345,Low,Average
48,Graduate,Married,785.2507074,44074.90435,10478.67917,High,Good
55,Graduate,Single,684.9598344,52349.77875,7033.375552,Low,Poor
23,Graduate,Divorced,780.7488409,37836.74167,7307.692697,Low,Poor
48,College,Married,749.8546878,47898.33092,14964.64885,Low,Good
49,College,Married,720.3938391,44828.16916,15473.35818,Low,Good
65,Graduate,Single,722.6265718,44518.33644,1456.728764,Low,Average
27,College,Married,629.979022,44617.63814,13735.36422,Low,Poor
66,College,Divorced,710.338739,48641.45284,16992.95502,Low,Average
47,College,Married,770.8510206,52861.94759,17786.88409,Low,Good
21,High School,Married,734.0669752,25015.06412,12601.89863,Low,Good
40,High School,Divorced,707.7168344,26235.67144,4713.010711,Low,Poor
57,Uneducated,Divorced,785.5968598,46613.0866,13149.9042,Low,Poor
54,Graduate,Divorced,690.7479639,48022.30955,5653.738224,Low,Poor
52,Graduate,Married,669.0222162,51891.11217,8285.174169,Low,Poor
60,Graduate,Married,707.6915958,42723.27645,11915.41079,High,Good
59,College,Widow,738.3233684,50094.65194,5976.203267,Low,Poor
68,Uneducated,Divorced,614.1102952,51265.23205,4267.998466,Low,Average
27,Graduate,Single,714.2434322,42654.41903,12328.86659,Low,Poor
45,High School,Single,740.5172508,60134.55822,19336.12102,Low,Poor
55,Graduate,Married,686.5179187,51769.86311,16216.17165,High,Good
22,Uneducated,Widow,755.3482383,55469.61095,13535.93093,Low,Poor
21,Uneducated,Married,732.0593331,50688.45731,14895.92718,Low,Good
41,Graduate,Married,807.0691559,71036.73103,13188.59749,High,Good
25,Graduate,Single,662.4698551,55963.97069,12249.50115,Low,Poor
70,College,Married,741.5354925,45120.06684,14493.0892,Low,Good
65,Uneducated,Divorced,649.1338046,58209.66884,3158.18454,Low,Average
29,College,Married,619.2316774,33623.95083,10997.4265,Low,Poor
68,Uneducated,Divorced,598.2234579,51196.00263,9595.258969,Low,Average
48,Graduate,Widow,726.9162011,53191.6029,10394.51416,Low,Poor
45,Graduate,Married,709.2123957,51310.20762,7693.138926,High,Good
23,Graduate,Married,676.0474471,46662.21129,12602.43922,Low,Poor
49,College,Married,611.3247833,39877.26643,5910.359952,Low,Poor
53,College,Divorced,665.4806687,42106.52988,7330.725353,Low,Poor
66,College,Married,700.2046504,51020.74916,6730.600432,Low,Good
53,College,Married,739.6584683,38864.80768,14319.73319,Low,Good
40,Graduate,Divorced,699.1732125,67701.67616,9941.382484,Low,Poor
28,Graduate,Married,712.6030171,23591.02321,7695.838301,Low,Good
69,High School,Widow,681.193381,46765.62132,8132.851525,Low,Average
49,Uneducated,Married,787.4612101,51103.89639,10019.40308,Low,Good
68,Uneducated,Single,649.0875178,55074.20928,18110.87459,Low,Average
54,Uneducated,Married,665.0380891,40840.75273,3817.398318,Low,Poor
68,Uneducated,Divorced,675.3820963,61342.94794,13377.54999,Low,Average
54,College,Married,727.1352199,36061.68956,12359.31169,Low,Good
58,Graduate,Divorced,648.0570105,44338.71411,5585.173008,Low,Poor
47,Graduate,Widow,706.7859295,56207.47555,17334.36645,Low,Poor
47,Graduate,Married,708.2455072,60401.88565,12696.40225,High,Good
22,College,Widow,665.2821015,35959.98704,7461.333484,Low,Poor
68,Uneducated,Single,716.498973,76450.3679,702.9333703,Low,Average
45,College,Married,649.6093051,41025.08437,11145.73417,Low,Poor
69,College,Single,644.1462929,36878.17522,9776.272076,Low,Average
66,Graduate,Divorced,704.9802878,55027.14892,4846.435344,Low,Average
24,Graduate,Married,617.0122207,46517.06546,4781.927949,Low,Poor
66,Graduate,Single,592.7598649,45039.47687,14342.54934,Low,Average
43,High School,Married,726.641665,55956.44058,221.5254634,Low,Good
50,Uneducated,Married,752.4484971,34727.0431,11571.41378,Low,Good
49,College,Single,676.6598441,32978.656,9062.815123,Low,Poor
28,College,Divorced,666.5964674,44025.76635,12485.77414,Low,Poor
27,Uneducated,Divorced,750.2767613,60779.01739,8528.474951,Low,Poor
23,Uneducated,Married,642.7230891,44459.44707,11466.37483,Low,Poor
46,Uneducated,Widow,631.8313688,65991.56685,6286.125777,Low,Poor
66,Uneducated,Married,735.3818212,62010.14761,9753.975419,Low,Good
41,Graduate,Widow,700.4519093,52829.46185,12445.41939,Low,Poor
51,Graduate,Married,753.243837,53397.23859,10754.35936,High,Good
51,High School,Married,592.9867061,52820.02625,11901.53421,Low,Poor
59,Graduate,Single,629.9663004,51597.17729,5360.393503,Low,Poor
28,Graduate,Divorced,700.716603,46337.58303,7046.627191,Low,Poor
56,College,Married,720.8836849,47498.12167,7133.300804,Low,Good
56,Graduate,Single,742.3498544,39300.39843,8617.551222,Low,Poor
67,Graduate,Single,708.7408884,27899.57211,16792.91435,Low,Average
50,High School,Married,708.2327578,61040.70609,8229.106222,Low,Good
59,College,Married,680.5299228,51572.58437,4282.202701,Low,Good
66,Graduate,Divorced,779.5452452,50062.11356,12708.22844,Low,Average
57,High School,Divorced,644.8488272,53984.49123,16733.21716,Low,Poor
66,Uneducated,Single,717.9510076,41716.02545,3693.940741,Low,Average
25,Graduate,Divorced,650.6095583,39989.37787,19864.05377,Low,Poor
48,Graduate,Single,726.7389273,47163.15306,12075.88301,Low,Poor
24,Graduate,Divorced,648.1491215,63680.98482,15169.45395,Low,Poor
68,Uneducated,Divorced,737.1907849,38312.58972,17335.35818,Low,Average
46,Graduate,Married,705.6052473,23729.34643,14863.08821,High,Good
57,Graduate,Divorced,787.2319587,44785.98908,9447.322015,Low,Poor
59,Graduate,Married,685.9490176,61426.99916,16088.49072,High,Good
58,College,Married,721.2483058,32674.55976,11272.99885,Low,Good
26,Uneducated,Divorced,661.017186,38197.16396,15452.42362,Low,Poor
68,Graduate,Married,685.6053497,52635.46741,15999.37742,High,Good
70,Graduate,Married,705.287474,75699.07035,4545.51705,High,Good
53,Uneducated,Married,623.6390039,36417.88331,13971.50566,Low,Poor
58,Uneducated,Divorced,629.1188033,36030.65909,9090.540407,Low,Poor
60,Graduate,Married,729.992965,53386.98369,10690.95318,High,Good
68,Uneducated,Single,692.6956589,62046.7444,10635.46374,Low,Average
66,Graduate,Divorced,670.3536733,43759.01288,10434.85109,Low,Average
50,Graduate,Divorced,663.150691,33786.05844,17617.62656,Low,Poor
65,Graduate,Single,665.0755602,54337.49221,3167.761866,Low,Average
52,Graduate,Married,705.6275358,56148.41397,1388.283216,High,Good
66,College,Single,722.2517932,67786.55127,333.5496417,Low,Average
23,Uneducated,Married,595.3946385,56569.47112,15345.72132,Low,Poor
47,Uneducated,Married,770.6417028,58280.66076,6132.812541,Low,Good
54,High School,Divorced,767.0850381,47378.54856,10660.93235,Low,Poor
60,Uneducated,Married,583.4672618,74415.04342,9426.414379,Low,Poor
23,College,Married,754.2963348,46018.57989,5568.124297,Low,Good
53,Graduate,Married,752.7609426,43880.77879,14257.38619,High,Good
65,Graduate,Divorced,700.0222747,68095.14919,9362.685159,Low,Average
51,College,Married,635.1415689,35257.62721,8811.324615,Low,Poor
52,Uneducated,Widow,750.7614046,31525.91615,11164.35654,Low,Poor
22,Uneducated,Married,687.9384467,51195.56925,13603.86042,Low,Good
56,Graduate,Single,727.4439422,49982.63477,5205.118782,Low,Poor
22,High School,Married,810.9600636,47721.12018,14364.59174,Low,Good
55,College,Married,712.5918375,59939.29757,17249.2676,Low,Good
46,Graduate,Married,654.1557654,40917.93818,2869.388156,Low,Poor
66,Uneducated,Single,683.2134503,50641.67126,11391.4949,Low,Average
29,Graduate,Single,660.527732,46398.94047,8475.388938,Low,Poor
58,College,Divorced,721.6744859,41087.815,13496.1529,Low,Poor
55,Graduate,Married,659.6966221,49381.59916,3916.703937,Low,Poor
68,Graduate,Divorced,676.3574289,58525.95803,18144.69113,Low,Average
54,Graduate,Married,635.7784813,71205.6812,1960.525968,Low,Poor
53,College,Married,693.3956497,55794.18983,8778.595301,Low,Good
42,Graduate,Married,708.8377397,24891.64999,12171.48038,High,Good
27,Graduate,Married,565.7605976,49618.59915,6568.315765,Low,Poor
69,Uneducated,Married,712.9786781,50498.02791,5782.992258,Low,Good
49,Graduate,Married,697.7149884,59362.0901,11111.17818,High,Good
21,Graduate,Single,661.7504026,51848.10302,10388.7996,Low,Poor
28,Uneducated,Married,801.4314462,62530.88917,10029.69085,Low,Good
45,College,Married,747.9238264,53916.70616,14293.44256,Low,Good
43,Uneducated,Widow,645.1798757,65587.98069,8027.636533,Low,Poor
41,Graduate,Divorced,741.911844,45612.5408,11597.96325,Low,Poor
52,High School,Divorced,762.2249038,51443.43467,7466.985959,Low,Poor
44,Graduate,Divorced,706.6010461,58266.41535,5753.352571,Low,Poor
57,Graduate,Married,718.0721018,44278.0593,8576.206858,High,Good
67,High School,Married,716.9173333,42099.87198,7506.174064,Low,Good
22,Graduate,Widow,595.7092071,43706.479,7755.980994,Low,Poor
65,Graduate,Married,690.6565202,42507.84383,15826.63709,High,Good
52,Graduate,Married,688.0543579,55225.61921,8729.48273,High,Good
51,High School,Single,771.5077818,31651.9197,6685.466639,Low,Poor
54,Uneducated,Married,716.6863932,34440.29974,10140.39387,Low,Good
51,Uneducated,Married,685.1194519,68627.46492,10521.1397,Low,Good
51,Uneducated,Divorced,695.493763,42749.03279,4065.593852,Low,Poor
26,Graduate,Married,751.1692791,52000.14851,8507.96864,Low,Good
44,College,Married,690.7707668,35108.53582,8306.57838,Low,Good
70,Graduate,Widow,665.0902233,50941.24268,9139.278631,Low,Average
66,High School,Single,686.2148904,42809.93332,13627.64187,Low,Average
28,High School,Married,747.0348072,34369.10502,10683.35936,Low,Good
25,Graduate,Single,724.8082453,63369.20438,16139.68674,Low,Poor
24,Graduate,Divorced,702.2133987,61825.65727,9941.698221,Low,Poor
26,Graduate,Widow,709.576965,48926.45209,18880.4364,Low,Poor
65,Graduate,Married,672.0128763,59994.19033,7696.124931,Low,Average
59,Graduate,Divorced,690.30253,69032.92688,6152.188094,Low,Poor
68,College,Married,666.8347839,57540.75933,12736.51337,Low,Average
45,Uneducated,Widow,685.2610358,54796.7974,16820.40969,Low,Poor
42,Graduate,Divorced,767.3089132,51989.49696,3105.983477,Low,Poor
59,Graduate,Divorced,646.1064094,56494.97365,9015.046759,Low,Poor
48,College,Single,665.5641167,46360.80607,6946.090275,Low,Poor
46,Graduate,Widow,637.2850569,47233.64131,10714.25506,Low,Poor
48,Graduate,Divorced,626.4545621,54508.91375,10050.08962,Low,Poor
57,College,Married,690.6614043,45261.3513,16726.90624,Low,Good
55,High School,Divorced,669.1195409,46342.00327,9457.976036,Low,Poor
70,Graduate,Married,788.0844465,50001.86665,16873.92049,High,Good
55,Graduate,Divorced,685.8576727,61506.07551,8424.49832,Low,Poor
52,College,Single,764.4698432,38673.36246,14632.40938,Low,Poor
29,Uneducated,Divorced,748.4003237,57591.78503,11143.31514,Low,Poor
41,College,Married,689.5522922,57917.96413,18649.42699,Low,Good
21,Graduate,Single,805.5067791,57858.12009,2614.925686,Low,Poor
21,Uneducated,Married,713.4266993,41932.5362,4180.711411,Low,Good
67,Graduate,Single,775.6504633,33073.18384,19158.11142,Low,Average
65,Graduate,Married,769.8298446,55597.00472,6333.674533,High,Good
54,Graduate,Married,720.7323993,51875.38784,6650.98321,High,Good
21,College,Married,737.5565424,60043.76635,5621.382073,Low,Good
45,Uneducated,Married,731.2035708,42994.63172,15742.22978,Low,Good
25,Graduate,Married,642.7869284,57601.18376,3732.711934,Low,Poor
51,Uneducated,Divorced,702.8645177,60544.12112,10112.25206,Low,Poor
58,College,Single,753.7123617,49046.90279,8671.890891,Low,Poor
23,College,Widow,776.3093159,54169.29503,15182.57792,Low,Poor
41,High School,Divorced,663.9680164,53819.66458,7181.586688,Low,Poor
55,Graduate,Married,726.4415651,41785.30471,12076.3629,High,Good
45,Graduate,Married,707.5435107,55310.96602,4143.919133,High,Good
70,Uneducated,Divorced,694.1062968,66224.98341,21369.70519,Low,Average
51,Graduate,Single,717.8001315,50222.03935,8802.038377,Low,Poor
58,Uneducated,Single,710.8998705,35390.75061,10043.81742,Low,Poor
43,College,Married,727.0703784,43127.73469,18273.77179,Low,Good
57,Uneducated,Divorced,772.085838,32205.70551,7066.636128,Low,Poor
25,Graduate,Single,739.2063795,62902.61129,18336.91171,Low,Poor
59,Graduate,Married,715.5295629,57641.05296,7942.644129,High,Good
25,Uneducated,Widow,793.2312528,44986.30728,13358.49092,Low,Poor
41,Graduate,Divorced,755.4964798,35819.40078,7136.591799,Low,Poor
45,Graduate,Married,695.3800781,41667.05042,3219.817774,High,Good
55,College,Single,639.1439799,43617.23034,12072.97175,Low,Poor
55,High School,Divorced,650.608466,51094.07599,13199.517,Low,Poor
50,Uneducated,Married,746.6616224,50757.59343,3420.571288,Low,Good
69,Graduate,Single,668.484376,63414.31975,8464.708405,Low,Average
66,Graduate,Single,649.5972261,43072.45142,16003.79481,Low,Average
59,Graduate,Widow,662.0957337,34918.12146,13000.59475,Low,Poor
70,College,Married,665.6307844,38430.21525,8023.924991,Low,Average
52,College,Divorced,742.5323834,49769.75146,7012.371492,Low,Poor
30,Graduate,Divorced,692.1628962,42713.21933,19741.22163,Low,Poor
25,Graduate,Married,631.38127,47079.91454,2765.339651,Low,Poor
69,College,Married,701.5522449,45459.6642,9704.007128,Low,Good
67,Graduate,Married,711.1133066,59902.38454,2676.515632,High,Good
60,High School,Married,676.0331569,44130.34313,16574.07322,Low,Poor
30,Graduate,Married,757.7942542,46226.57923,9964.381939,Low,Good
48,College,Divorced,678.9530557,57172.83581,10890.87042,Low,Poor
65,Graduate,Married,755.4168843,44350.18089,23844.46155,High,Good
21,Graduate,Divorced,729.839139,54232.12374,7032.636621,Low,Poor
25,Graduate,Married,746.3302754,53314.85262,18742.87957,Low,Good
24,High School,Married,645.072458,51417.65859,8046.340428,Low,Poor
45,High School,Married,704.9155096,38656.03617,8832.437712,Low,Good
53,Graduate,Married,697.3585998,62297.74225,23190.87628,High,Good
45,Graduate,Divorced,628.8996738,72206.83797,9194.548114,Low,Poor
22,Graduate,Married,755.2530365,50088.28138,3128.142979,Low,Good
57,College,Married,659.1299552,39536.45127,11409.59394,Low,Poor
65,Graduate,Single,669.5216086,50291.02708,9136.315874,Low,Average
56,Uneducated,Married,649.3342082,59898.60141,11835.47921,Low,Poor
49,Graduate,Married,735.0593163,43848.12324,9332.011033,High,Good
53,High School,Married,623.7035141,48711.00816,21077.72308,Low,Poor
41,Graduate,Widow,730.89374,53406.54136,12783.67919,Low,Poor
68,College,Married,752.2256993,62030.47852,4625.176861,Low,Good
66,College,Divorced,726.8589214,57754.23733,10622.73401,Low,Average
66,Uneducated,Married,735.6314242,58168.6797,6001.850879,Low,Good
70,College,Married,737.9773235,45737.31443,8761.430787,Low,Good
41,Graduate,Single,652.5287837,54019.18955,5447.796447,Low,Poor
23,Graduate,Married,771.736749,42780.36673,20535.59262,Low,Good
21,Graduate,Married,676.9961873,58455.261,6543.076924,Low,Poor
66,Graduate,Married,696.6806191,61512.19641,13437.82176,High,Good
30,High School,Single,683.3681341,55533.63569,8382.602891,Low,Poor
58,Graduate,Single,724.577106,46325.89413,4207.934137,Low,Poor
42,Graduate,Married,673.0981378,47962.72872,10988.24651,Low,Poor
41,High School,Widow,703.3457862,68065.16211,12003.45919,Low,Poor
60,Graduate,Married,638.2328091,46492.89555,12793.13266,Low,Poor
22,High School,Married,758.2332604,60499.94167,-3111.095773,Low,Good
68,High School,Single,733.5370473,53388.91598,3825.771432,Low,Average
52,Graduate,Married,685.3870119,46658.63552,14787.7736,High,Good
46,College,Married,676.5425485,36553.50973,5381.965187,Low,Poor
55,Graduate,Married,732.2314123,52116.00381,11014.72025,High,Good
28,Graduate,Married,664.635331,50911.00867,3709.876524,Low,Poor
58,Uneducated,Single,706.2682658,68065.34671,13658.00551,Low,Poor
55,College,Single,758.0699394,41398.07305,14656.34798,Low,Poor
30,College,Married,659.437144,72947.68592,13659.54953,Low,Poor
55,College,Single,718.4300415,53788.10529,15162.78406,Low,Poor
67,Graduate,Single,715.7862633,53778.29221,17819.50072,Low,Average
27,Graduate,Married,695.1331591,44069.27866,4129.629342,Low,Good
24,High School,Divorced,674.8105208,53147.06308,6056.640344,Low,Poor
40,Uneducated,Married,760.7398528,54730.50928,14487.71785,Low,Good
58,High School,Married,670.1215682,59373.27292,15651.09886,Low,Poor
69,Graduate,Married,609.3980549,40216.77792,6628.285232,Low,Average
54,Graduate,Widow,732.0266796,64067.80856,6280.569673,Low,Poor
50,Uneducated,Married,639.9348325,53614.15524,6738.93255,Low,Poor
69,Graduate,Single,734.5940572,56082.28895,1974.52518,Low,Average
30,Uneducated,Married,766.7451624,47790.57738,3642.944089,Low,Good
70,Graduate,Single,731.4874939,40718.57362,3763.536775,Low,Average
29,Uneducated,Married,753.5705651,50727.24627,8529.507631,Low,Good
53,High School,Married,801.0024553,51872.9555,11354.18258,Low,Good
68,Uneducated,Divorced,748.3380231,36145.71732,12167.36416,Low,Average
68,Graduate,Married,716.5286696,57932.85405,7457.188734,High,Good
69,Uneducated,Divorced,781.6974092,59965.24634,7580.064419,Low,Average
47,Graduate,Widow,787.7387772,42703.35376,10618.30748,Low,Poor
65,Graduate,Single,788.4385892,39774.1465,2519.927214,Low,Average
53,Graduate,Married,675.3928242,46970.38623,14797.20266,Low,Poor
52,Graduate,Married,632.2990821,50238.95097,16426.9264,Low,Poor
65,High School,Married,672.3403908,47358.2899,6872.096812,Low,Average
70,High School,Married,735.1820808,49390.82167,8007.819203,Low,Good
41,College,Widow,707.9579473,52214.77698,16216.56112,Low,Poor
42,College,Divorced,689.6759507,36317.31061,9384.742045,Low,Poor
52,Uneducated,Married,728.0240699,37467.04373,12941.22723,Low,Good
54,College,Married,626.4597459,22777.22259,9538.473031,Low,Poor
68,Uneducated,Divorced,707.0584649,59425.45228,17781.53694,Low,Average
59,Graduate,Widow,755.9228822,50152.27021,12450.39814,Low,Poor
46,College,Divorced,727.4657822,60478.51131,12738.27886,Low,Poor
49,Graduate,Single,734.5904911,38622.62004,12831.53269,Low,Poor
54,Graduate,Married,779.8686395,50244.0734,7224.431318,High,Good
51,Graduate,Single,696.6928358,52148.26506,7683.804315,Low,Poor
42,Graduate,Married,667.3454169,44382.17505,13846.2282,Low,Poor
48,Graduate,Single,759.4757521,34465.72202,10632.06415,Low,Poor
69,College,Married,758.5560316,67458.71336,4111.944961,Low,Good
41,Uneducated,Married,727.9145837,63992.83341,19365.52212,Low,Good
48,Uneducated,Single,691.98145,46180.67728,14890.35934,Low,Poor
41,Graduate,Married,700.0689826,55102.27645,10188.13162,High,Good
29,College,Married,636.1613524,45152.09324,8632.495091,Low,Poor
27,Graduate,Married,755.6473265,40045.96397,10993.37929,Low,Good
57,High School,Single,753.8825655,68272.61505,12587.6005,Low,Poor
43,High School,Married,634.4158625,33446.31119,-165.0036784,Low,Poor
60,College,Divorced,743.3816042,47144.96303,20561.74855,Low,Poor
48,Graduate,Single,720.2050828,50843.23827,6050.578454,Low,Poor
45,Uneducated,Single,648.9012945,66512.36579,9990.471835,Low,Poor
25,Graduate,Married,639.6999899,58965.88654,10174.33441,Low,Poor
68,Graduate,Widow,718.6746635,33277.50225,19984.25109,Low,Average
41,Graduate,Married,680.1147943,49972.49759,9559.380795,High,Good
54,Graduate,Married,790.9974425,50210.60198,17942.53647,High,Good
50,Graduate,Married,747.6299197,47716.61665,12033.63735,High,Good
69,Uneducated,Married,723.6846568,56198.09108,5190.575689,Low,Good
52,High School,Single,726.1539502,35908.93072,10673.53734,Low,Poor
45,Uneducated,Married,766.543359,45913.64087,9407.456391,Low,Good
43,Graduate,Widow,742.3259046,54788.18748,4579.647575,Low,Poor
60,Graduate,Married,724.9883219,56795.75685,11788.61385,High,Good
25,Graduate,Divorced,650.9869412,51494.19474,10110.51375,Low,Poor
68,Graduate,Divorced,853.0973483,47116.078,12782.10853,Low,Average
52,Uneducated,Single,644.8408621,48800.58726,10966.7639,Low,Poor
58,Uneducated,Widow,684.3728631,57404.07122,6744.485515,Low,Poor
40,Graduate,Single,617.2635862,50339.00784,13841.66996,Low,Poor
47,College,Married,726.9399079,39581.52455,6878.008599,Low,Good
41,Graduate,Single,707.5555219,37665.02416,-5498.352614,Low,Poor
29,Uneducated,Single,738.2638219,35103.62579,10643.26474,Low,Poor
30,College,Married,613.0467184,64555.80818,7229.631364,Low,Poor
46,Graduate,Married,755.6452834,58074.61836,11910.65252,High,Good
27,Graduate,Married,659.6282299,48935.12117,19994.35868,Low,Poor
42,Graduate,Married,692.54974,45462.07515,20138.69847,High,Good
29,College,Single,746.5785634,44260.69992,9174.385389,Low,Poor
56,Graduate,Single,713.0633342,60932.37108,5867.424144,Low,Poor
22,Uneducated,Married,716.5971278,69044.33508,12923.41641,Low,Good
25,College,Married,739.958941,43946.07076,8148.872041,Low,Good
58,College,Divorced,721.439532,61384.15521,11958.88261,Low,Poor
70,Uneducated,Married,682.9446049,50280.12915,6695.696189,Low,Good
48,College,Divorced,691.6765436,47875.7107,11253.46208,Low,Poor
28,Uneducated,Married,710.5939339,65042.14283,5940.129239,Low,Good
21,Graduate,Married,655.2221953,49898.34279,15921.26708,Low,Poor
51,College,Married,749.800433,52963.64439,7050.111546,Low,Good
46,Uneducated,Married,714.4326965,52482.73933,13305.51268,Low,Good
27,Graduate,Married,703.7388134,33744.00633,3676.163584,Low,Good
54,Graduate,Divorced,759.624828,52884.11149,13905.86928,Low,Poor
24,Graduate,Married,693.9943178,44373.07976,5168.079654,Low,Good
69,Graduate,Divorced,690.8789501,35788.4686,11305.88403,Low,Average
26,College,Divorced,675.7685618,44828.6292,15116.00487,Low,Poor
60,Graduate,Divorced,717.1533504,44746.1113,9000.085507,Low,Poor
48,Uneducated,Widow,715.4225054,60298.82539,4854.165446,Low,Poor
56,College,Married,666.68579,39362.10384,12484.06254,Low,Poor
30,Graduate,Married,691.1153011,42101.52561,5795.093005,Low,Good
55,Graduate,Married,667.0198866,52353.88261,7978.772004,Low,Poor
48,Graduate,Married,664.7565773,36742.06229,11327.3133,Low,Poor
23,College,Married,613.5051084,43409.93242,16803.38018,Low,Poor
42,Uneducated,Divorced,688.4544873,33355.23265,10132.76677,Low,Poor
57,Graduate,Married,614.8893367,59200.1146,10114.28755,Low,Poor
49,College,Married,676.8592157,46986.3688,13687.56447,Low,Poor
57,High School,Single,669.3652677,49840.82155,10251.85948,Low,Poor
28,College,Married,752.5947529,59160.1032,13177.651,Low,Good
21,Graduate,Single,649.2532597,42777.31116,15392.66773,Low,Poor
23,Graduate,Divorced,661.9406808,46880.12991,8361.314249,Low,Poor
42,Uneducated,Married,680.923793,39436.72001,-6375.05317,Low,Good
57,Graduate,Single,670.9928174,39414.96279,5910.364532,Low,Poor
54,College,Single,768.4627399,40794.17106,16043.41005,Low,Poor
66,Graduate,Married,643.0716313,45075.09609,9831.176093,Low,Average
26,Graduate,Married,681.0297751,46152.04466,8304.348645,Low,Good
65,College,Married,716.6032625,52886.32151,15833.92497,Low,Good
50,College,Single,744.0591672,41087.83052,9493.375419,Low,Poor
45,High School,Married,680.9879222,53196.32676,-462.6660287,Low,Good
50,Graduate,Married,604.09502,54850.01292,2473.489695,Low,Poor
40,Graduate,Married,692.4947889,45321.77817,12093.2401,High,Good
70,Graduate,Married,767.6014238,41952.75428,9665.545292,High,Good
69,Uneducated,Married,714.1093704,50850.79032,17273.28239,Low,Good
68,Uneducated,Married,711.8208931,47970.82537,6333.656581,Low,Good
48,Graduate,Widow,646.8491004,52203.51829,8452.49619,Low,Poor
49,Uneducated,Married,641.7164205,65698.66436,5577.484635,Low,Poor
47,College,Married,700.9020824,50686.37048,7397.029112,Low,Good
43,College,Single,628.6810539,43607.69439,540.4804937,Low,Poor
44,College,Married,739.0681111,41091.10388,8071.57668,Low,Good
60,High School,Single,657.6676876,41477.98369,9740.655681,Low,Poor
21,Graduate,Married,698.767136,35372.33693,9318.345788,Low,Good
23,Uneducated,Widow,605.7116541,59327.43608,20747.76632,Low,Poor
45,High School,Married,680.3099066,27667.21181,19167.42289,Low,Good
52,College,Single,640.7069726,54881.04818,6245.502645,Low,Poor
40,Graduate,Single,583.9021791,41319.36093,-219.6834733,Low,Poor
41,Uneducated,Married,727.0921045,44875.94785,9503.998235,Low,Good
30,Graduate,Single,782.057977,41020.12358,11882.55069,Low,Poor
65,Graduate,Single,756.4736795,64458.6466,5697.579633,Low,Average
45,High School,Divorced,734.0845345,50163.15602,5945.12183,Low,Poor
28,College,Married,679.2939416,57903.78525,17912.77485,Low,Poor
41,Uneducated,Married,740.2945114,63005.26859,8712.242144,Low,Good
53,Uneducated,Widow,761.1926599,51634.05474,13311.25093,Low,Poor
57,High School,Single,706.8410915,38043.76229,5348.471511,Low,Poor
28,Uneducated,Widow,640.7819914,47793.5725,9715.297706,Low,Poor
57,Graduate,Married,675.0307851,42577.51986,8318.308232,Low,Poor
69,Uneducated,Divorced,785.1348244,44964.95838,6623.133806,Low,Average
55,Graduate,Married,696.2627916,49053.76207,15776.50206,High,Good
28,Graduate,Divorced,533.762214,48658.44358,3055.614952,Low,Poor
57,Graduate,Widow,626.5538268,54121.09161,11500.28413,Low,Poor
57,Graduate,Married,678.7775648,55573.04294,8224.391723,Low,Poor
70,College,Widow,751.7912619,48658.54824,12074.12241,Low,Average
69,High School,Married,686.3438824,54034.68918,8292.116839,Low,Good
56,Graduate,Married,752.7215827,44506.40145,14335.96531,High,Good
46,Graduate,Married,673.6918823,63147.79826,5301.487009,Low,Poor
29,College,Married,601.7853739,44344.88712,15787.76596,Low,Poor
66,Graduate,Single,675.4219421,61971.86485,9855.986527,Low,Average
49,Uneducated,Married,717.2472501,35239.32908,3357.487355,Low,Good
42,High School,Married,713.0975175,46195.92743,13401.07728,Low,Good
57,Graduate,Divorced,637.2446125,46690.21826,9005.751282,Low,Poor
58,Graduate,Divorced,682.4401899,52789.91795,1460.810369,Low,Poor
42,Uneducated,Married,834.2337119,58618.16803,11662.34042,Low,Good
68,College,Married,638.3365587,37506.04797,15032.97858,Low,Average
26,Graduate,Married,733.0361697,38920.16958,16410.6787,Low,Good
47,Uneducated,Single,595.1662151,35980.91932,8108.240587,Low,Poor
25,Uneducated,Single,743.1895912,63201.84197,10726.59028,Low,Poor
54,Graduate,Married,655.3837305,52976.04943,10252.68171,Low,Poor
22,Graduate,Married,720.1044129,39156.28792,17449.01316,Low,Good
30,Graduate,Widow,635.4237199,45569.05126,5947.557088,Low,Poor
59,Uneducated,Married,714.54264,61817.61396,7676.702739,Low,Good
25,Graduate,Married,654.5674852,47218.8077,5826.398453,Low,Poor
66,High School,Married,664.2475909,46628.11862,2754.247384,Low,Average
21,Uneducated,Single,722.0993003,42187.03293,11238.93591,Low,Poor
47,Graduate,Married,678.4807262,39750.07686,18006.49166,Low,Poor
65,Graduate,Married,719.0190724,61833.2381,9007.577707,High,Good
40,College,Married,690.4579341,66739.01589,5590.516892,Low,Good
50,Graduate,Married,703.3746841,40148.05597,10934.29851,High,Good
55,Graduate,Widow,722.2543236,64049.42329,12945.59089,Low,Poor
54,Graduate,Divorced,682.4990773,45126.10584,9218.184313,Low,Poor
51,College,Married,650.1975107,55336.47995,17017.67666,Low,Poor
56,Graduate,Married,673.3843867,64102.13805,5938.190529,Low,Poor
42,Uneducated,Married,759.756959,48549.23404,8565.151817,Low,Good
66,High School,Married,705.8086542,46720.5808,11479.93952,Low,Good
67,Uneducated,Married,657.7550773,58010.80964,11964.81876,Low,Average
68,Graduate,Single,720.0780304,38900.47163,10236.14046,Low,Average
21,Uneducated,Married,723.4157792,61470.61378,3607.900388,Low,Good
50,Graduate,Married,725.9999538,51428.09392,21690.05702,High,Good
26,Graduate,Married,651.10814,44222.49492,8820.150425,Low,Poor
57,Graduate,Widow,665.8804503,43958.32397,10551.33759,Low,Poor
46,Uneducated,Widow,666.1585392,36165.37488,13083.80547,Low,Poor
25,Graduate,Divorced,681.9676044,44638.27833,6817.473187,Low,Poor
60,Graduate,Married,726.9459593,47359.62238,10284.6321,High,Good
25,Graduate,Divorced,714.8092402,39387.06468,6614.048812,Low,Poor
23,Uneducated,Single,718.7608479,49545.35024,12077.75371,Low,Poor
52,Graduate,Divorced,767.7009571,54729.17085,8619.886757,Low,Poor
70,Graduate,Single,734.4445466,47865.27864,11343.59264,Low,Average
70,Graduate,Divorced,692.9099188,56627.25827,4767.313268,Low,Average
30,Uneducated,Married,640.8057412,41928.60017,5855.41783,Low,Poor
30,College,Divorced,664.2726496,60033.82764,3174.296616,Low,Poor
48,Graduate,Widow,686.9147466,51218.14706,6447.349603,Low,Poor
46,High School,Single,741.4564914,65452.5717,-2867.621218,Low,Poor
50,Graduate,Married,698.6334033,74142.17312,8464.498972,High,Good
43,Graduate,Widow,667.1902023,45297.56408,7328.79864,Low,Poor
29,Graduate,Married,663.3553557,45709.36123,10754.55482,Low,Poor
21,Graduate,Divorced,696.5210896,47537.57878,10223.03862,Low,Poor
42,Graduate,Married,744.4993781,55957.0225,16285.39884,High,Good
24,Graduate,Married,779.5509653,63259.6997,22971.55092,Low,Good
21,College,Married,689.7115701,43471.91516,15687.69507,Low,Good
65,Graduate,Married,697.762841,53812.44266,7734.462053,High,Good
67,College,Divorced,639.3029147,48640.7271,7533.046251,Low,Average
57,High School,Married,796.9596285,56181.09103,14343.31521,Low,Good
60,Graduate,Married,629.9498581,65094.57693,1583.276527,Low,Poor
28,Graduate,Married,758.5831156,47596.71763,8423.985369,Low,Good
55,Graduate,Married,681.7332023,33301.32333,8809.235325,High,Good
67,Graduate,Divorced,670.0316753,57439.01677,12920.65742,Low,Average
23,Graduate,Widow,644.4998214,41672.94781,13069.33173,Low,Poor
41,Uneducated,Married,820.5024325,48568.84263,6277.197298,Low,Good
21,Graduate,Divorced,711.0745812,57870.30837,7928.136691,Low,Poor
25,Graduate,Divorced,701.0640219,52973.94854,12225.52127,Low,Poor
59,High School,Married,744.336618,48982.79974,6005.39672,Low,Good
59,Graduate,Widow,667.4583637,44241.18288,16030.59217,Low,Poor
46,Graduate,Married,700.0922978,21001.0622,13045.87617,High,Good
52,Graduate,Single,702.8168143,56983.20816,10857.54774,Low,Poor
44,Graduate,Divorced,674.3927134,47470.48301,11954.70299,Low,Poor
70,Graduate,Married,759.981904,65133.36278,7665.546915,High,Good
50,Graduate,Divorced,689.0672794,53980.2803,6868.542889,Low,Poor
43,Graduate,Divorced,622.3433973,44588.74627,7876.388919,Low,Poor
22,Uneducated,Single,684.9251318,60668.70088,12499.83346,Low,Poor
40,Graduate,Divorced,712.4589336,61511.29406,11005.0749,Low,Poor
67,Uneducated,Married,655.3253383,47809.68186,7886.427702,Low,Average
67,High School,Married,659.2702603,61936.44866,13747.90872,Low,Average
47,College,Married,672.6870481,44446.91945,9130.267888,Low,Poor
59,High School,Widow,761.061783,51596.47769,6533.446272,Low,Poor
44,Graduate,Single,675.6420989,55714.08388,11271.70755,Low,Poor
56,Uneducated,Married,771.4558509,57847.81584,4934.852442,Low,Good
67,College,Married,669.2524781,56215.21849,1563.88125,Low,Average
66,Uneducated,Divorced,716.2507068,46673.42819,9974.477122,Low,Average
53,High School,Married,677.6878663,60936.97641,6712.931031,Low,Poor
44,Uneducated,Single,737.7041585,48755.72677,8729.228237,Low,Poor
59,Graduate,Married,644.0862923,44309.72638,5166.335409,Low,Poor
46,College,Married,737.142974,44456.62033,16044.6607,Low,Good
25,Graduate,Divorced,705.69347,69399.88391,6692.53628,Low,Poor
58,College,Married,668.0004092,42580.16572,7840.003109,Low,Poor
24,College,Married,691.6889258,62916.35227,11889.41634,Low,Good
30,Graduate,Widow,776.6927471,38645.33304,3116.928508,Low,Poor
46,Uneducated,Single,706.8922252,54879.05445,2747.251134,Low,Poor
30,Graduate,Widow,664.8635992,52970.83451,11904.76418,Low,Poor
46,Graduate,Married,639.7653359,66212.2688,7775.261848,Low,Poor
49,Graduate,Divorced,725.2702137,43455.98105,5492.524466,Low,Poor
53,Graduate,Married,709.7922624,40693.35782,13016.86586,High,Good
25,College,Single,734.7510348,48834.89622,5940.391704,Low,Poor
67,Graduate,Divorced,626.888763,66648.01829,8627.438502,Low,Average
26,College,Divorced,641.3869774,41158.4152,5519.34766,Low,Poor
22,College,Divorced,757.34396,24115.83368,11517.18593,Low,Poor
42,Graduate,Single,716.5670823,50597.67837,16660.38096,Low,Poor
40,College,Divorced,726.6700426,59495.22918,694.8003533,Low,Poor
52,Graduate,Divorced,651.8656484,39861.94067,10563.28844,Low,Poor
45,Graduate,Married,650.9506401,58479.32173,14282.94221,Low,Poor
60,College,Divorced,749.5629329,39640.89015,7892.611263,Low,Poor
40,Graduate,Divorced,751.9188827,48534.41464,4344.788129,Low,Poor
45,College,Married,645.5840256,57526.82315,12104.81764,Low,Poor
28,Uneducated,Single,636.0314752,38125.34598,15008.26752,Low,Poor
24,Graduate,Married,694.5703515,51815.13332,14452.61089,Low,Good
24,Uneducated,Single,660.0325773,62149.73511,11829.54669,Low,Poor
54,Graduate,Married,658.991156,54739.34099,10489.56869,Low,Poor
23,High School,Married,637.4310877,42793.73942,5504.937223,Low,Poor
65,Graduate,Single,676.5783076,65187.18353,14326.22475,Low,Average
23,Uneducated,Married,642.2652629,56583.92512,14049.78407,Low,Poor
56,Graduate,Single,645.2299548,31395.52,4309.708407,Low,Poor
58,Uneducated,Divorced,714.9195923,58642.43615,11822.39864,Low,Poor
65,Uneducated,Widow,697.2400883,44286.25748,13264.11938,Low,Average
48,College,Single,724.2439341,51965.63548,14410.56886,Low,Poor
50,College,Widow,617.5483282,60080.04004,9625.051904,Low,Poor
25,Graduate,Married,700.4940305,44503.95415,5712.162129,Low,Good
47,Graduate,Married,803.7818771,33544.07386,7489.419101,High,Good
57,Uneducated,Single,681.3863758,65055.45192,4963.750708,Low,Poor
51,Uneducated,Married,741.2374503,61645.83471,9744.696674,Low,Good
50,Graduate,Divorced,740.8003424,49127.43987,8765.573017,Low,Poor
26,College,Divorced,743.2599304,58534.21451,20725.1821,Low,Poor
21,Graduate,Single,708.3330844,46306.13268,14473.38571,Low,Poor
25,College,Single,728.3042991,50969.70177,14847.74033,Low,Poor
41,Uneducated,Married,734.950681,48557.12057,12356.76245,Low,Good
55,Graduate,Married,731.7723014,46710.55915,8163.411767,High,Good
67,Graduate,Married,644.1290913,53593.0258,8623.050206,Low,Average
43,High School,Married,614.6307759,37918.21176,9080.653501,Low,Poor
55,Graduate,Divorced,622.3208228,47484.19169,10941.16636,Low,Poor
56,Graduate,Widow,686.4920004,53144.79472,11945.84905,Low,Poor
29,Graduate,Married,729.6963367,68381.00708,10003.54314,Low,Good
55,College,Widow,644.7794361,38324.65785,8547.007613,Low,Poor
51,Graduate,Married,746.1985229,55205.53058,7029.421848,High,Good
59,Uneducated,Married,674.8862413,56301.48776,3036.756211,Low,Poor
46,College,Married,675.3622394,31232.81269,16416.89583,Low,Poor
55,High School,Married,658.1946502,54105.32014,21027.64784,Low,Poor
69,High School,Widow,605.760682,58802.85079,15996.6839,Low,Average
21,Graduate,Married,711.4657064,55886.52679,3704.67187,Low,Good
28,Graduate,Married,785.6333856,49160.72745,13935.08285,Low,Good
68,Graduate,Married,696.8667738,53332.40037,15118.88151,High,Good
44,College,Single,607.4684179,51698.44697,7982.811507,Low,Poor
51,Graduate,Divorced,739.0171406,33105.42662,12444.6362,Low,Poor
43,Graduate,Married,618.7601005,51933.20325,7718.484837,Low,Poor
55,Graduate,Married,639.5482802,46329.29594,17644.64497,Low,Poor
57,Uneducated,Married,688.0830914,42951.77829,11826.85461,Low,Good
52,College,Married,706.1421719,74849.69954,5414.222543,Low,Good
43,Graduate,Single,649.5667999,62526.1572,13349.04049,Low,Poor
53,Graduate,Married,686.1341972,38498.2794,15293.90337,High,Good
22,Graduate,Married,735.75812,53466.36197,10990.65826,Low,Good
55,Graduate,Divorced,742.6089442,64580.25276,12397.20846,Low,Poor
43,Graduate,Divorced,762.5728211,35038.00846,9651.232854,Low,Poor
27,Uneducated,Divorced,795.4709326,50769.83141,4328.597734,Low,Poor
23,College,Married,740.4944661,51240.72726,9241.331208,Low,Good
52,College,Married,689.1631743,37255.07118,12615.19816,Low,Good
47,Graduate,Single,742.9656896,53795.50305,9359.86566,Low,Poor
68,Graduate,Divorced,723.3358117,61162.46391,14003.82713,Low,Average
44,College,Married,725.3183489,65080.47591,8039.092194,Low,Good
54,High School,Married,708.8609393,47506.35898,8367.045863,Low,Good
70,High School,Married,654.3972949,75016.45035,14155.59999,Low,Average
57,Uneducated,Single,648.5951796,29420.33247,11109.26258,Low,Poor
30,College,Married,695.1440899,53562.1671,7941.392094,Low,Good
46,Graduate,Single,707.4455038,35877.0568,15169.02688,Low,Poor
51,College,Divorced,666.0279539,50901.82637,6556.32141,Low,Poor
55,Graduate,Married,721.1670974,44780.9325,6365.255205,High,Good
54,High School,Single,804.0382952,55068.77456,-4147.244055,Low,Poor
46,Graduate,Married,612.783464,48731.19286,7230.157257,Low,Poor
42,High School,Single,729.1122239,41740.15822,16543.58339,Low,Poor
49,Uneducated,Married,696.701269,42397.09052,-361.4634309,Low,Good
54,College,Divorced,722.5327778,69324.59497,5240.399299,Low,Poor
24,Graduate,Single,678.464265,54435.23738,12195.34278,Low,Poor
30,Uneducated,Divorced,692.6970057,32978.71293,-1224.333869,Low,Poor
23,Graduate,Single,706.4750226,55507.87735,7446.506932,Low,Poor
47,Graduate,Married,684.9183058,48053.23338,15704.31608,High,Good
69,Graduate,Divorced,623.9729341,50046.01087,20215.12901,Low,Average
51,Graduate,Married,688.3042485,58198.88154,11451.23283,High,Good
67,Graduate,Single,629.1783186,61832.27174,5367.664909,Low,Average
28,Uneducated,Married,732.6596555,41411.87272,5199.356307,Low,Good
48,Graduate,Married,606.7227449,49702.58346,10724.53985,Low,Poor
70,Graduate,Divorced,751.432719,44538.88997,11404.81661,Low,Average
26,Graduate,Married,721.47815,55968.62181,19289.6438,Low,Good
55,Graduate,Divorced,721.6694308,47676.95506,14854.02426,Low,Poor
67,High School,Divorced,591.7845066,50292.5148,10420.53244,Low,Average
26,Graduate,Married,683.5700281,47297.23239,8323.963734,Low,Good
70,Uneducated,Widow,757.6781714,48938.80484,25073.55855,Low,Average
66,College,Married,674.069601,67046.51006,13132.974,Low,Average
51,Graduate,Widow,646.0968925,73907.66165,6656.241432,Low,Poor
50,College,Single,668.1664952,53770.92094,8876.885382,Low,Poor
26,Graduate,Married,696.5861189,49000.3022,5612.7263,Low,Good
26,High School,Married,657.4314775,34043.63239,-2022.747629,Low,Poor
24,Graduate,Married,761.6908616,42395.818,11563.25496,Low,Good
59,Graduate,Married,696.7666235,48732.63964,18912.27108,High,Good
40,Graduate,Divorced,672.2215326,42849.36779,1847.213989,Low,Poor
59,Graduate,Single,634.9328237,43900.99237,10276.31298,Low,Poor
60,Graduate,Single,724.2223303,65753.89474,6465.476104,Low,Poor
53,Uneducated,Divorced,723.0833147,50287.90814,12607.51263,Low,Poor
29,College,Married,660.3895547,51182.11991,9138.349216,Low,Poor
23,Graduate,Widow,588.1835486,43258.0944,3199.726728,Low,Poor
60,College,Divorced,720.5381095,61775.44725,5094.48143,Low,Poor
70,Uneducated,Widow,690.6598304,47874.21372,5848.49734,Low,Average
69,Uneducated,Divorced,716.8035584,44791.36335,16721.59104,Low,Average
53,Graduate,Married,797.8587267,34192.49183,16466.29638,High,Good
60,Uneducated,Single,698.6584078,49388.98086,8443.260564,Low,Poor
26,Graduate,Divorced,674.3080692,44479.41998,16139.01717,Low,Poor
22,Graduate,Married,642.6339016,66845.79746,9134.080803,Low,Poor
49,High School,Single,684.3789104,68438.98692,8366.686208,Low,Poor
57,Graduate,Married,708.0288675,37647.19505,10285.5892,High,Good
40,College,Widow,702.665371,38778.46762,11424.12639,Low,Poor
24,Uneducated,Married,786.173267,47236.80365,7222.776036,Low,Good
44,Graduate,Married,724.9542783,41839.62105,10109.32871,High,Good
26,Graduate,Married,693.2599564,52174.16576,13936.61253,Low,Good
59,High School,Married,664.6719711,46733.76511,10647.6982,Low,Poor
22,Graduate,Married,713.3336382,52805.32341,10213.91451,Low,Good
44,College,Married,654.6495921,60160.93522,12470.90107,Low,Poor
40,Graduate,Single,708.991554,39357.7849,13333.5303,Low,Poor
28,High School,Divorced,724.3706963,59952.11222,9686.920907,Low,Poor
55,Uneducated,Married,689.1773889,42713.47586,7629.094715,Low,Good
25,Graduate,Divorced,668.4856778,71484.82849,10946.01652,Low,Poor
26,Graduate,Divorced,590.7351576,66209.75966,2030.181351,Low,Poor
55,Graduate,Married,757.1918363,48869.19664,8948.390022,High,Good
24,Graduate,Married,720.1650195,40364.16555,-2357.799542,Low,Good
48,Graduate,Married,721.3808641,38451.3402,1621.041083,High,Good
49,Graduate,Divorced,621.9323832,58736.28502,869.0707529,Low,Poor
66,Uneducated,Married,768.991935,49695.97233,15236.75871,Low,Good
49,Graduate,Married,676.7391567,59268.66886,10069.90908,Low,Poor
41,Uneducated,Married,685.5602349,72042.28969,3689.754884,Low,Good
21,Uneducated,Married,646.5356572,42296.17061,12455.33022,Low,Poor
55,College,Single,610.6527134,37698.61756,14943.2724,Low,Poor
43,Uneducated,Married,757.8673156,51925.60235,12542.42778,Low,Good
70,College,Divorced,764.3298685,61447.59611,9056.449358,Low,Average
40,Uneducated,Married,691.7235924,40595.3971,11162.43309,Low,Good
69,Graduate,Married,666.0307715,50346.24739,14507.48267,Low,Average
42,Uneducated,Married,681.1477915,63700.43661,7653.770812,Low,Good
23,Uneducated,Divorced,682.5192505,33671.22162,10149.33462,Low,Poor
66,Uneducated,Single,640.0070139,52353.17961,8714.034777,Low,Average
26,Graduate,Divorced,685.3872392,44598.96906,1932.920737,Low,Poor
30,Graduate,Married,707.6550996,51241.56591,14582.8409,Low,Good
25,High School,Married,750.9078624,57097.84291,20286.35932,Low,Good
52,Graduate,Single,700.7122082,52208.08508,5631.026894,Low,Poor
30,College,Single,621.1824146,39897.77598,14813.40117,Low,Poor
22,Graduate,Married,717.6773932,44987.53862,5790.031101,Low,Good
42,Graduate,Married,687.2034719,64265.9298,10663.93908,High,Good
22,Uneducated,Divorced,768.5204847,53289.32894,17540.06137,Low,Poor
49,Graduate,Single,771.4728901,58403.19128,7397.805073,Low,Poor
21,Uneducated,Married,773.2227156,52502.9531,9926.567928,Low,Good
70,College,Married,671.9206032,58091.16068,992.4850175,Low,Average
29,Uneducated,Single,799.4927537,46038.5391,6678.97828,Low,Poor
46,Uneducated,Single,717.5471252,42324.88353,468.63839,Low,Poor
29,Graduate,Married,781.3190203,57636.97716,12145.8906,Low,Good
40,Graduate,Married,674.8690193,61273.7401,14158.18779,Low,Poor
44,Graduate,Married,685.0701631,40857.18689,8891.825567,High,Good
53,College,Married,713.7013676,44240.55189,11429.43484,Low,Good
68,Graduate,Married,707.5938805,48367.73572,8371.347724,High,Good
59,Graduate,Single,762.7405972,66198.24605,13702.72683,Low,Poor
60,College,Married,688.3935341,55631.35455,10647.30968,Low,Good
25,Graduate,Widow,758.2307495,36759.1317,71.68322098,Low,Poor
43,High School,Married,736.6117254,49070.17208,14699.90409,Low,Good
40,High School,Married,689.3303891,47541.21244,8052.286027,Low,Good
29,College,Married,732.7338309,38267.30444,3648.102644,Low,Good
67,Uneducated,Divorced,676.3367477,48952.08083,7805.330138,Low,Average
41,Graduate,Divorced,817.51029,47099.6256,489.6517573,Low,Poor
68,Uneducated,Married,566.7833839,46383.67476,3750.553444,Low,Average
68,Graduate,Widow,733.6471602,45926.18633,10714.74805,Low,Average
21,Graduate,Single,611.7702045,64713.93548,11133.55843,Low,Poor
51,Graduate,Single,688.7171648,46362.96884,11532.19417,Low,Poor
58,Graduate,Divorced,695.7195955,50496.71056,10016.04934,Low,Poor
28,College,Divorced,775.3816779,49412.35288,6535.674383,Low,Poor
40,Graduate,Single,665.3923894,44949.8315,9727.704303,Low,Poor
70,College,Married,765.4005958,50795.04732,7813.962765,Low,Good
43,Graduate,Single,641.059168,50653.50596,1871.09201,Low,Poor
59,Graduate,Married,767.3334862,50797.56527,6137.925045,High,Good
68,College,Divorced,676.2827279,41407.66858,14447.70616,Low,Average
50,High School,Married,703.671726,47938.75493,17941.47076,Low,Good
70,Graduate,Married,683.1810668,57603.21875,13256.37522,High,Good
25,Graduate,Married,764.1181737,48201.83369,17718.4888,Low,Good
48,High School,Single,754.3869922,51617.81913,10426.94305,Low,Poor
43,Uneducated,Married,722.175086,51670.37001,18711.88042,Low,Good
55,High School,Married,642.4065808,54173.95131,20272.4422,Low,Poor
24,Graduate,Widow,664.2489066,55586.50915,1332.65251,Low,Poor
54,Uneducated,Divorced,648.5711737,48258.4939,11107.46654,Low,Poor
54,College,Single,587.5928557,40886.64697,10432.15095,Low,Poor
47,College,Divorced,763.0659051,37812.84671,7879.480922,Low,Poor
28,College,Divorced,683.6088237,60176.86413,12459.57769,Low,Poor
43,Graduate,Divorced,683.0753018,57702.50448,10205.62534,Low,Poor
65,College,Married,774.8051117,56493.64684,6322.755398,Low,Good
66,Graduate,Married,676.2005699,58112.03528,9866.974475,Low,Average
52,High School,Married,657.9764532,48384.44016,16022.9729,Low,Poor
44,Graduate,Single,688.762719,43751.23582,10912.69048,Low,Poor
66,Uneducated,Married,643.3665474,40195.9259,13134.77374,Low,Average
54,Uneducated,Married,717.2177885,39106.50003,8614.734499,Low,Good
46,Graduate,Married,681.3168961,62121.58689,12260.32005,High,Good
66,Graduate,Divorced,674.6364295,45068.55144,3953.927348,Low,Average
22,Graduate,Married,670.3048414,60548.59069,7501.397503,Low,Poor
43,Graduate,Single,694.6889253,48131.1417,9486.656957,Low,Poor
26,Graduate,Widow,704.1740563,43237.58792,3618.320397,Low,Poor
26,College,Widow,674.0012456,39056.35202,5848.916406,Low,Poor
23,Uneducated,Divorced,682.0617032,44118.45643,11565.55884,Low,Poor
27,Graduate,Widow,695.9238587,64182.38783,10649.15958,Low,Poor
28,College,Married,690.8790932,39157.8992,14031.82712,Low,Good
44,Graduate,Widow,701.5537983,71167.46821,6997.444909,Low,Poor
58,Graduate,Single,666.1664598,41593.92573,10288.01113,Low,Poor
66,Uneducated,Married,750.2296455,57499.49971,6640.662946,Low,Good
59,Graduate,Married,704.8414089,48547.48706,13530.64275,High,Good
56,Graduate,Single,674.8076624,46794.40417,15953.73058,Low,Poor
69,High School,Single,717.2192109,37285.79223,12416.62414,Low,Average
58,Graduate,Married,696.2815701,49016.07017,15305.97138,High,Good
66,Graduate,Divorced,613.3086823,38417.14004,10162.49931,Low,Average
70,High School,Married,717.0476345,33184.229,14027.96917,Low,Good
56,College,Single,649.0246899,51195.98678,10377.08871,Low,Poor
66,Graduate,Divorced,746.7213892,43645.76893,4875.359667,Low,Average
24,College,Married,687.9125181,66843.48516,11233.60694,Low,Good
51,Graduate,Married,739.0035149,60000.21715,5023.516531,High,Good
22,College,Married,668.4890723,66974.32181,21695.64476,Low,Poor
30,High School,Married,703.4964634,43191.17095,8329.559206,Low,Good
25,College,Married,760.512175,51361.3774,13225.18928,Low,Good
30,Uneducated,Widow,686.5491727,23793.2904,9937.933902,Low,Poor
66,Uneducated,Married,670.4591451,47181.97619,3831.93288,Low,Average
42,Uneducated,Married,732.7520307,50984.98348,507.3848497,Low,Good
60,Graduate,Divorced,731.7830798,51540.48078,13745.06978,Low,Poor
69,College,Divorced,672.5625433,49576.31589,17746.70463,Low,Average
53,Graduate,Single,600.726949,50665.92572,6325.981464,Low,Poor
44,Graduate,Single,669.4988511,22867.57366,1716.537402,Low,Poor
58,Uneducated,Single,733.8679761,52562.21836,8374.186338,Low,Poor
28,High School,Married,661.2482905,54834.39892,5314.414774,Low,Poor
25,Graduate,Married,699.4531081,63380.25403,6748.421601,Low,Good
58,College,Single,667.1257531,53687.38059,13051.8685,Low,Poor
24,Graduate,Widow,603.3916419,48692.62933,9747.684763,Low,Poor
41,Graduate,Married,666.2259411,61049.41922,5852.462206,Low,Poor
22,Graduate,Married,733.656601,26426.65775,12942.50393,Low,Good
56,Graduate,Married,581.487376,44850.51469,13334.36173,Low,Poor
60,Graduate,Married,712.6083675,42341.9002,8314.71257,High,Good
69,Graduate,Single,640.6965384,49654.782,10689.5826,Low,Average
69,Graduate,Married,730.4221035,28013.07188,12602.50942,High,Good
55,Uneducated,Divorced,735.7159468,63196.35662,12130.51565,Low,Poor
56,Uneducated,Married,691.4026033,47501.901,10203.07043,Low,Good
25,Graduate,Married,691.5165921,53187.96691,17162.93059,Low,Good
49,Graduate,Married,659.6818651,52230.91225,12913.40407,Low,Poor
40,Graduate,Single,632.72083,62624.89895,7746.604918,Low,Poor
30,Graduate,Single,784.9046453,31380.49865,7776.654662,Low,Poor
26,College,Married,656.7464286,51123.21165,7209.568249,Low,Poor
28,Uneducated,Married,778.3898066,61461.78261,13160.60474,Low,Good
52,High School,Single,657.024998,49020.13553,6886.2622,Low,Poor
55,Uneducated,Divorced,726.2595195,40487.30607,7875.504554,Low,Poor
41,Graduate,Widow,643.109642,43961.09884,15290.11194,Low,Poor
55,Graduate,Divorced,726.1697508,46070.57998,10958.15981,Low,Poor
42,Graduate,Divorced,683.7206321,42789.4997,15992.66314,Low,Poor
47,Uneducated,Married,684.374192,48471.88883,13990.29937,Low,Good
54,Graduate,Widow,730.5011585,65082.47403,4116.640855,Low,Poor
66,Graduate,Single,676.5429317,44026.35234,9489.334709,Low,Average
41,High School,Widow,628.5925752,45123.26026,14949.7452,Low,Poor
69,Graduate,Widow,738.0652782,54597.80584,3889.119674,Low,Average
24,College,Divorced,642.7049705,48251.79636,12098.5541,Low,Poor
25,Graduate,Widow,725.8258642,36708.14867,9803.817632,Low,Poor
70,Graduate,Married,748.6498273,49388.11562,1226.056289,High,Good
28,Graduate,Married,681.2253057,49011.08568,10598.29652,Low,Good
57,High School,Married,759.1176422,59756.78345,5812.659919,Low,Good
60,High School,Married,724.0891854,40278.47602,4161.741089,Low,Good
29,Graduate,Single,665.206929,59823.19483,10045.70338,Low,Poor
58,High School,Married,770.0714501,49021.69188,345.7353037,Low,Good
43,High School,Widow,642.9164089,38920.58329,6628.548537,Low,Poor
51,High School,Single,681.1649785,36912.21688,22755.87126,Low,Poor
40,Uneducated,Divorced,689.6842598,69343.88528,13251.11197,Low,Poor
52,Graduate,Widow,730.2611851,48400.83977,5592.875469,Low,Poor
21,Graduate,Widow,755.7716649,59365.04117,17020.8297,Low,Poor
70,College,Widow,752.6395778,32918.80605,5039.782196,Low,Average
50,Graduate,Married,711.187416,76376.94888,7231.524234,High,Good
55,Graduate,Widow,685.9865448,58932.44628,4255.74295,Low,Poor
69,Graduate,Divorced,608.7007879,47445.59786,11280.39939,Low,Average
52,College,Single,634.2927073,46938.34142,16843.14811,Low,Poor
21,College,Married,788.3327745,57345.98128,5004.968837,Low,Good
44,High School,Divorced,608.1964006,56771.81687,-302.215187,Low,Poor
50,Graduate,Married,660.7754678,51825.2928,15454.83337,Low,Poor
29,Graduate,Married,757.2303141,50108.78758,17769.00251,Low,Good
29,College,Married,710.485665,55610.67084,24.59766793,Low,Good
30,High School,Single,746.4022536,32582.96447,12300.27171,Low,Poor
55,High School,Married,727.1414176,46287.25287,11132.52676,Low,Good
68,Uneducated,Divorced,773.4791269,33531.36142,6062.623476,Low,Average
54,College,Married,714.7713643,56045.92345,3028.221667,Low,Good
55,Graduate,Single,733.1723865,43241.86029,14958.75173,Low,Poor
40,Graduate,Single,663.7876734,34284.21921,10895.35266,Low,Poor
22,Graduate,Married,729.3166488,42062.13476,11272.13229,Low,Good
27,College,Widow,680.1936951,51493.56201,6891.153236,Low,Poor
47,College,Married,677.3447066,47947.71617,5990.453978,Low,Poor
56,Graduate,Married,744.7361757,38268.43441,-2274.867706,High,Good
67,Graduate,Married,745.0811688,32951.31398,8859.859851,High,Good
56,Graduate,Married,784.4221078,50739.32787,17194.1319,High,Good
46,Graduate,Divorced,781.1631593,44192.31893,5548.7279,Low,Poor
53,High School,Divorced,745.8657581,47419.1929,2387.926529,Low,Poor
54,Uneducated,Single,613.9777195,48403.14813,12178.32283,Low,Poor
27,Graduate,Married,791.3840491,54300.65687,13100.39999,Low,Good
26,College,Single,745.8983835,58469.46502,7070.470197,Low,Poor
53,Uneducated,Married,661.7069955,51465.09201,8256.177677,Low,Poor
66,Graduate,Married,736.4454578,46795.3745,11319.51559,High,Good
58,Graduate,Single,648.136713,50247.63538,9222.252657,Low,Poor
51,Graduate,Married,730.931506,46607.63033,15000.64668,High,Good
55,Uneducated,Married,634.1864979,33574.46646,22186.21288,Low,Poor
57,Graduate,Widow,659.5890796,60919.46171,1454.182224,Low,Poor
50,College,Widow,735.4964565,59034.38862,16148.77565,Low,Poor
27,Graduate,Single,753.6443371,69883.33994,10526.29851,Low,Poor
46,Uneducated,Divorced,716.271843,72804.99306,16941.00469,Low,Poor
49,College,Married,685.6915682,38239.79868,13621.77256,Low,Good
49,Graduate,Married,594.2566852,46646.0008,10305.7823,Low,Poor
51,Graduate,Divorced,689.548945,75115.39597,13800.11471,Low,Poor
57,Graduate,Widow,726.6742538,49594.49384,8029.221144,Low,Poor
27,Graduate,Widow,684.1617447,52442.10903,6128.492889,Low,Poor
21,Uneducated,Married,698.8711029,34788.70048,14054.31558,Low,Good
65,College,Married,690.7191266,51502.88632,5778.357756,Low,Good
42,College,Divorced,683.9146891,69319.40375,13211.86296,Low,Poor
59,College,Married,703.7938695,62866.2581,10153.73792,Low,Good
52,Uneducated,Married,686.3652709,43900.15378,-1647.208256,Low,Good
48,Graduate,Married,772.1644777,46036.83633,7128.087748,High,Good
65,College,Married,589.6790576,38690.99708,11674.19098,Low,Average
59,Uneducated,Married,672.7078707,41488.3686,7969.99668,Low,Poor
58,Uneducated,Single,656.4871888,30897.88071,-2733.660559,Low,Poor
58,Uneducated,Widow,710.95553,49151.80325,16603.75064,Low,Poor
59,Uneducated,Single,703.8572393,65101.1068,10846.87526,Low,Poor
45,College,Married,781.1096551,53554.31924,12218.69646,Low,Good
48,Graduate,Married,797.5571024,63662.3899,7633.619239,High,Good
47,Graduate,Single,661.3458272,60732.49401,12657.44844,Low,Poor
21,Uneducated,Single,700.0250033,44531.9191,19174.10072,Low,Poor
43,Graduate,Single,709.8152208,42404.93339,6324.635082,Low,Poor
22,Graduate,Divorced,660.1093126,42788.15443,18335.06353,Low,Poor
57,Graduate,Married,731.4191018,32829.38052,11992.82033,High,Good
59,College,Widow,688.0246316,50323.30233,5652.83626,Low,Poor
24,Graduate,Married,646.6182575,20955.35603,21061.95319,Low,Poor
21,Uneducated,Married,686.0215848,55914.15509,11958.2012,Low,Good
28,Uneducated,Married,650.1162714,50718.80936,13382.39334,Low,Poor
58,High School,Married,751.8323415,54714.39866,8653.239476,Low,Good
23,College,Divorced,795.0779628,60570.16283,6018.366773,Low,Poor
65,College,Married,712.2409687,51987.94588,10839.06622,Low,Good
30,Graduate,Married,705.5638384,66315.71738,17907.31862,Low,Good
30,Uneducated,Divorced,707.6217383,56219.45811,8451.700939,Low,Poor
48,College,Widow,759.1117014,42428.73153,9866.243772,Low,Poor
67,Graduate,Divorced,758.0349502,47622.88958,17281.64236,Low,Average
